Name,Price,Stars,Ratings,Link
mini USB key kinston traveler edition 8GB,$14.54,0,0,https://www.ebay.com/itm/mini-USB-key-kinston-traveler-edition-8GB/152740277479?hash=item239007ace7:g:urQAAOSwtUNZ3v0V
mini USB key kinston traveler edition 16 GB,$17.54,0,0,https://www.ebay.com/itm/mini-USB-key-kinston-traveler-edition-16-GB/152740283539?hash=item239007c493:g:urQAAOSwtUNZ3v0V
Sandisk usb stick 16g. several brands available. tested before dispatch,$5.40,0,0,https://www.ebay.com/itm/Cle-USB-SanDisk-16G-plusieurs-marques-disponibles-testees-avant-expedition/323898236012?hash=item4b69d6dc6c:g:GOYAAOSwxGBdMzBg
"KingstonÂ® DataTraveler 100 G3 USB 3.0 Flash Drive, Wholesale Price!",$6.21,0,0,https://www.ebay.com/itm/Kingston-DataTraveler-100-G3-USB-3-0-Flash-Drive-Wholesale-Price/323692848240?hash=item4b5d98e470:m:myj5aR022OPoAgrlz0g3jog
MSI Z97 GAMING 3 Motherboard LGA 1150 DDR3 USB3.0 Intel Z97 ATX SATA III VGA ZUS,$130.52,0,0,https://www.ebay.com/itm/MSI-Z97-GAMING-3-Motherboard-LGA-1150-DDR3-USB3-0-Intel-Z97-ATX-SATA-III-VGA-ZUS/184028353448?hash=item2ad8f1d3a8:g:984AAOSwNotdxVZF
Motherboard qdi kudoz 7 socket 462 amd xp and similar perfect condition,$12.96,0,0,https://www.ebay.com/itm/Placa-base-QDI-KUDOZ-7-Socket-462-PARA-AMD-XP-y-similares-PERFECTO-ESTADO/283690702980?hash=item420d489884:g:RIwAAOSwMmJd3rFx
!!! ASUS E45M1-M Pro/4 GB Kingston HyperX/Pico PSU 150XT!!! TOP!!!,$74.50,0,0,https://www.ebay.com/itm/ASUS-E45M1-M-PRO-4-GB-Kingston-HyperX-Pico-PSU-150XT-TOP/133044886789?hash=item1efa17dd05:g:kwMAAOSwPM9c0XTU
Intel d425kt Motherboard Fanless Atom + 4gb RAM Kingston (2gbx2) + BluetoothUSB,$32.38,0,0,https://www.ebay.com/itm/Scheda-Madre-Intel-D425KT-FANLESS-Atom-4GB-RAM-Kingston-2Gbx2-BluetoothUSB/283576434916?hash=item42067900e4:g:WuUAAOSwTBtdTtuN
PC Gaming Rig Custom,$850.00,0,0,https://www.ebay.com/itm/PC-Gaming-Rig-Custom/272909621105?hash=item3f8aae5771:g:VPoAAOSwa81Z88~6
"Gaming Computer PC i7-3770, 16GB RAM, SSD,HDD, 4gb gtx 1650 super",$576.12,0,0,https://www.ebay.com/itm/Gaming-Computer-PC-i7-3770-16GB-RAM-SSD-HDD-4gb-gtx-1650-super/193384098553?hash=item2d06972af9:g:9OUAAOSwEDBdMOeG
CSL PC Core i5-7600 4-Core 3.8GHz 8G Ram spots 120SSD 1T NVIDIA 2GB incl. invoice,$458.84,0,0,https://www.ebay.com/itm/CSL-PC-Core-i5-7600-4-core-3-8GHz-8G-Ram-120SSD-1T-Nvidia-2GB-inkl-Rechnung/183846561309?hash=item2ace1be61d:g:8~YAAOSw-HxdAjcP
"HP 15-af065sa/15.6""/AMD A6 X 4 Turbo/12GB RAM/AMD R4/BN KINGSTON 480 SSD/BN FHD",$341.66,0,0,https://www.ebay.com/itm/HP-15-af065sa-15-6-AMD-A6-X-4-Turbo-12GB-RAM-AMD-R4-BN-KINGSTON-480-SSD-BN-FHD/313013160347?hash=item48e109c99b:g:6tsAAOSwGsleWXIu
"Gaming Computer PC (i7-4790, 16GB RAM, SSD,HDD, 2GB Geforce GTX 960)",$524.28,0,0,https://www.ebay.com/itm/Gaming-Computer-PC-i7-4790-16GB-RAM-SSD-HDD-2GB-Geforce-GTX-960/193384098564?hash=item2d06972b04:g:wYUAAOSw6o9dMOgd
"Abramtek MP3 Player +3GB Micro SDHC Card, Surround sound speaker for iPad Phones",$27.50,0,0,https://www.ebay.com/itm/Abramtek-MP3-Player-3GB-Micro-SDHC-Card-Surround-sound-speaker-for-iPad-Phones/111001046059?hash=item19d82d8c2b:g:KvwAAOxy~dNQ9SSw
"Gaming Computer PC (i5 3570 8GB RAM, 120 SSD, 500gb HDD, 4GB Geforce GTX 970)",$446.52,0,0,https://www.ebay.com/itm/Gaming-Computer-PC-i5-3570-8GB-RAM-120-SSD-500gb-HDD-4GB-Geforce-GTX-970/362841127079?hash=item547b0438a7:g:SXwAAOSwOhxd6jUl
"Gaming Computer PC (i5 3570 8GB RAM, 120 SSD, 500gb HDD, 4GB Geforce GTX 970)..",$470.08,0,0,https://www.ebay.com/itm/Gaming-Computer-PC-i5-3570-8GB-RAM-120-SSD-500gb-HDD-4GB-Geforce-GTX-970/193384098576?hash=item2d06972b10:g:u8AAAOSwFPpdMOan
4GB 2x 2GB PC2-6400U DDR2 800MHz 2Rx8 CL6 DIMM Desktop memoria RAM per Hynix IT,$12.95,0,0,https://www.ebay.com/itm/4GB-2x-2GB-PC2-6400U-DDR2-800MHz-2Rx8-CL6-DIMM-Desktop-memoria-RAM-per-Hynix-IT/183903837681?hash=item2ad185ddf1:g:YkoAAOSwTg5dt-MR
"4 GB DDR4 PC4-21300 CL15 2666 MHz 1,2 V Non-ECC DIMM Desktop Memory Ram spots",$25.90,0,0,https://www.ebay.com/itm/4-GB-DDR4-PC4-21300-CL15-2666-MHz-1-2-V-Nicht-ECC-DIMM-Desktop-Speicher-RAM/372978274270?hash=item56d73ccfde:g:OSwAAOSw~wReY3eB
"Gaming Computer PC i5 3570 8GB RAM, 120 SSD, 500gb HDD, 4GB Geforce GTX 970...",$470.08,0,0,https://www.ebay.com/itm/Gaming-Computer-PC-i5-3570-8GB-RAM-120-SSD-500gb-HDD-4GB-Geforce-GTX-970/193384098551?hash=item2d06972af7:g:u8AAAOSwFPpdMOan
NUOVO 1GB Acer Aspire/TravelMate PC2-4200 DDR2-533 Laptop / Notebook RAM IT,$5.39,0,0,https://www.ebay.com/itm/NUOVO-1GB-Acer-Aspire-TravelMate-PC2-4200-DDR2-533-Laptop-Notebook-RAM-IT/183913896635?hash=item2ad21f5abb:g:Jn8AAOSwNo1dTB1K
Kitvision Action Cam BUNDLE PACK Brand new,$64.79,Tim,0,https://www.ebay.com/itm/Kitvision-Action-Cam-BUNDLE-PACK-Brand-new/143563189109?hash=item216d086b75:g:3FoAAOSw3F5dkRe~
"Gaming Computer PC (i5, 8GB RAM, 120 SSD, 500gb HDD, 2GB Geforce GTX 960)",$365.23,0,0,https://www.ebay.com/itm/Gaming-Computer-PC-i5-8GB-RAM-120-SSD-500gb-HDD-2GB-Geforce-GTX-960/193384098598?hash=item2d06972b26:g:CKMAAOSwj5FdMObn
4GB KIT 2 x 2GB Per HP Compaq Pavilion m8430f m8457c m8517c m8525f Ram Memory IT,$13.98,0,0,https://www.ebay.com/itm/4GB-KIT-2-x-2GB-Per-HP-Compaq-Pavilion-m8430f-m8457c-m8517c-m8525f-Ram-Memory-IT/184001076770?hash=item2ad7519e22:g:n3cAAOSwYbNeai-t
"AZDOME GS63H 4K 2160P Dash Cam con WiFi e GPS, Telecamera per auto con G-Sensor",$70.17,AZD,0,https://www.ebay.com/itm/AZDOME-GS63H-4K-2160P-Dash-Cam-con-WiFi-e-GPS-Telecamera-per-auto-con-G-Sensor/263866099257?epid=25026504182&hash=item3d6fa52639:g:-YIAAOSwxkpd8K8Y
"Gaming Computer PC (i5, 8GB RAM, 120 SSD, 500gb HDD, 2GB Geforce GTX 750TI)",$365.23,0,0,https://www.ebay.com/itm/Gaming-Computer-PC-i5-8GB-RAM-120-SSD-500gb-HDD-2GB-Geforce-GTX-750TI/193384098582?hash=item2d06972b16:g:CKMAAOSwj5FdMObn
2GB 2x 1GB Xerox ColorQube Stampante 8570N 8570DN 8570DT 8570YN 8870DN SODIMM IT,$9.71,0,0,https://www.ebay.com/itm/2GB-2x-1GB-Xerox-ColorQube-Stampante-8570N-8570DN-8570DT-8570YN-8870DN-SODIMM-IT/183923956985?hash=item2ad2b8dcf9:g:q3QAAOSwsc5dWnzD
"Gaming Computer PC (i7-4790, 16GB RAM, SSD,HDD, 6GB Geforce GTX 1060)...",$583.18,0,0,https://www.ebay.com/itm/Gaming-Computer-PC-i7-4790-16GB-RAM-SSD-HDD-6GB-Geforce-GTX-1060/193384098595?hash=item2d06972b23:g:NdUAAOSw1UFdMOXM
"Gaming Computer PC (i7-4790, 16GB RAM, SSD,HDD, 6GB Geforce GTX 1060)",$583.18,0,0,https://www.ebay.com/itm/Gaming-Computer-PC-i7-4790-16GB-RAM-SSD-HDD-6GB-Geforce-GTX-1060/193384098554?hash=item2d06972afa:g:NdUAAOSw1UFdMOXM
2GB KIT 2 x 1GB Per HP Compaq Presario V2620TN V2625TN V2633TN V3000 Memory IT,$9.71,0,0,https://www.ebay.com/itm/2GB-KIT-2-x-1GB-Per-HP-Compaq-Presario-V2620TN-V2625TN-V2633TN-V3000-Memory-IT/184005716255?hash=item2ad798691f:g:f5UAAOSwqiVdsD5z
"Gaming Computer PC (i7-4790, 16GB RAM, SSD,HDD, 3GB Geforce GTX 1060)",$564.33,0,0,https://www.ebay.com/itm/Gaming-Computer-PC-i7-4790-16GB-RAM-SSD-HDD-3GB-Geforce-GTX-1060/193384098559?hash=item2d06972aff:g:NdUAAOSw1UFdMOXM
"Gaming Computer PC (i7-4790, 16GB RAM, SSD,HDD, 3GB Geforce GTX 1060)v4",$538.41,0,0,https://www.ebay.com/itm/Gaming-Computer-PC-i7-4790-16GB-RAM-SSD-HDD-3GB-Geforce-GTX-1060-v4/193384098555?hash=item2d06972afb:g:NdUAAOSw1UFdMOXM
1GB Dell Laser Printer 3110cn 3115cn 5110cn 5530dn 5535dn P/N 317-5848 RAM IT,$5.39,0,0,https://www.ebay.com/itm/1GB-Dell-Laser-Printer-3110cn-3115cn-5110cn-5530dn-5535dn-P-N-317-5848-RAM-IT/183918831828?hash=item2ad26aa8d4:g:WuMAAOSwWhZdUqBs
"Gaming Computer PC (i7-4790, 16GB RAM, SSD,HDD, 6GB Geforce GTX 1060) v2",$583.18,0,0,https://www.ebay.com/itm/Gaming-Computer-PC-i7-4790-16GB-RAM-SSD-HDD-6GB-Geforce-GTX-1060-v2/193384098594?hash=item2d06972b22:g:NdUAAOSw1UFdMOXM
"Gaming Computer PC (i7-4790, 16GB RAM, SSD,HDD, 6GB Geforce GTX 1060)v1",$583.18,0,0,https://www.ebay.com/itm/Gaming-Computer-PC-i7-4790-16GB-RAM-SSD-HDD-6GB-Geforce-GTX-1060-v1/193384098563?hash=item2d06972b03:g:NdUAAOSw1UFdMOXM
2GB KIT 2 x 1GB Per HP Compaq Pavilion dv6105eu dv6105tx dv6105us Ram Memory IT,$9.71,0,0,https://www.ebay.com/itm/2GB-KIT-2-x-1GB-Per-HP-Compaq-Pavilion-dv6105eu-dv6105tx-dv6105us-Ram-Memory-IT/184007065875?hash=item2ad7ad0113:g:q4EAAOSwNNVdsY~0
"Gaming Computer PC i5 3470 8GB RAM, 120 SSD, 500gb HDD, 4GB Geforce GTX 970",$470.08,0,0,https://www.ebay.com/itm/Gaming-Computer-PC-i5-3470-8GB-RAM-120-SSD-500gb-HDD-4GB-Geforce-GTX-970/193384098557?hash=item2d06972afd:g:u8AAAOSwFPpdMOan
"Gaming Computer PC i5, 8GB RAM, 120 SSD, 500gb HDD, 2GB Geforce GTX 750TI",$365.23,0,0,https://www.ebay.com/itm/Gaming-Computer-PC-i5-8GB-RAM-120-SSD-500gb-HDD-2GB-Geforce-GTX-750TI/193384098600?hash=item2d06972b28:g:CKMAAOSwj5FdMObn
1GB Modulo Apple MacBook / MacBook Pro DDR2 667MHz Laptop SODIMM RAM Memoria IT,$5.39,0,0,https://www.ebay.com/itm/1GB-Modulo-Apple-MacBook-MacBook-Pro-DDR2-667MHz-Laptop-SODIMM-RAM-Memoria-IT/183913865008?hash=item2ad21edf30:g:7vgAAOSwNCRdTBXd
"Fast Gaming Computer PC (i5, 8GB RAM, 120 SSD, 500gb HDD, 2GB Geforce GTX 750TI)",$365.23,0,0,https://www.ebay.com/itm/Fast-Gaming-Computer-PC-i5-8GB-RAM-120-SSD-500gb-HDD-2GB-Geforce-GTX-750TI/193384098562?hash=item2d06972b02:g:TG8AAOSwDipdMOUU
"Gaming Computer PC (i7-4790, 16GB RAM, SSD,HDD, 4GB Geforce GTX 970)...",$524.28,0,0,https://www.ebay.com/itm/Gaming-Computer-PC-i7-4790-16GB-RAM-SSD-HDD-4GB-Geforce-GTX-970/193381395373?hash=item2d066debad:g:NdUAAOSw1UFdMOXM
